-- MySQL dump 10.13  Distrib 8.0.28, for Win64 (x86_64)
--
-- Host: 127.0.0.1    Database: ruyi
-- ------------------------------------------------------
-- Server version	8.0.28

/*!40101 SET @OLD_CHARACTER_SET_CLIENT=@@CHARACTER_SET_CLIENT */;
/*!40101 SET @OLD_CHARACTER_SET_RESULTS=@@CHARACTER_SET_RESULTS */;
/*!40101 SET @OLD_COLLATION_CONNECTION=@@COLLATION_CONNECTION */;
/*!50503 SET NAMES utf8mb4 */;
/*!40103 SET @OLD_TIME_ZONE=@@TIME_ZONE */;
/*!40103 SET TIME_ZONE='+00:00' */;
/*!40014 SET @OLD_UNIQUE_CHECKS=@@UNIQUE_CHECKS, UNIQUE_CHECKS=0 */;
/*!40014 SET @OLD_FOREIGN_KEY_CHECKS=@@FOREIGN_KEY_CHECKS, FOREIGN_KEY_CHECKS=0 */;
/*!40101 SET @OLD_SQL_MODE=@@SQL_MODE, SQL_MODE='NO_AUTO_VALUE_ON_ZERO' */;
/*!40111 SET @OLD_SQL_NOTES=@@SQL_NOTES, SQL_NOTES=0 */;

--
-- Table structure for table `address_book`
--

DROP TABLE IF EXISTS `address_book`;
/*!40101 SET @saved_cs_client     = @@character_set_client */;
/*!50503 SET character_set_client = utf8mb4 */;
CREATE TABLE `address_book` (
  `id` bigint NOT NULL COMMENT '主键',
  `user_id` bigint NOT NULL COMMENT '用户id',
  `consignee` varchar(50) CHARACTER SET utf8 COLLATE utf8_bin NOT NULL COMMENT '收货人',
  `sex` tinyint NOT NULL COMMENT '性别 0 女 1 男',
  `phone` varchar(11) CHARACTER SET utf8 COLLATE utf8_bin NOT NULL COMMENT '手机号',
  `province_code` varchar(12) CHARACTER SET utf8mb4 COLLATE utf8mb4_0900_ai_ci DEFAULT NULL COMMENT '省级区划编号',
  `province_name` varchar(32) CHARACTER SET utf8mb4 COLLATE utf8mb4_0900_ai_ci DEFAULT NULL COMMENT '省级名称',
  `city_code` varchar(12) CHARACTER SET utf8mb4 COLLATE utf8mb4_0900_ai_ci DEFAULT NULL COMMENT '市级区划编号',
  `city_name` varchar(32) CHARACTER SET utf8mb4 COLLATE utf8mb4_0900_ai_ci DEFAULT NULL COMMENT '市级名称',
  `district_code` varchar(12) CHARACTER SET utf8mb4 COLLATE utf8mb4_0900_ai_ci DEFAULT NULL COMMENT '区级区划编号',
  `district_name` varchar(32) CHARACTER SET utf8mb4 COLLATE utf8mb4_0900_ai_ci DEFAULT NULL COMMENT '区级名称',
  `detail` varchar(200) CHARACTER SET utf8mb4 COLLATE utf8mb4_0900_ai_ci DEFAULT NULL COMMENT '详细地址',
  `label` varchar(100) CHARACTER SET utf8mb4 COLLATE utf8mb4_0900_ai_ci DEFAULT NULL COMMENT '标签',
  `is_default` tinyint(1) NOT NULL DEFAULT '0' COMMENT '默认 0 否 1是',
  `create_time` datetime NOT NULL COMMENT '创建时间',
  `update_time` datetime NOT NULL COMMENT '更新时间',
  `create_user` bigint NOT NULL COMMENT '创建人',
  `update_user` bigint NOT NULL COMMENT '修改人',
  `is_deleted` int NOT NULL DEFAULT '0' COMMENT '是否删除',
  PRIMARY KEY (`id`) USING BTREE
) ENGINE=InnoDB DEFAULT CHARSET=utf8mb3 COLLATE=utf8_bin COMMENT='地址管理';
/*!40101 SET character_set_client = @saved_cs_client */;

--
-- Dumping data for table `address_book`
--

LOCK TABLES `address_book` WRITE;
/*!40000 ALTER TABLE `address_book` DISABLE KEYS */;
INSERT INTO `address_book` VALUES (1417414526093082626,1417012167126876162,'小明',1,'13812345678',NULL,NULL,NULL,NULL,NULL,NULL,'昌平区金燕龙办公楼','公司',1,'2021-07-20 17:22:12','2021-07-20 17:26:33',1417012167126876162,1417012167126876162,0),(1417414926166769666,1417012167126876162,'小李',1,'13512345678',NULL,NULL,NULL,NULL,NULL,NULL,'测试','家',0,'2021-07-20 17:23:47','2021-07-20 17:23:47',1417012167126876162,1417012167126876162,0),(1570704581506179074,1570691211231027202,'清欢',1,'13364421111',NULL,NULL,NULL,NULL,NULL,NULL,'吉林','公司',0,'2022-09-16 17:22:09','2022-09-16 17:22:36',1570691211231027202,1570691211231027202,0),(1571401376309723137,1,'小小',1,'13364422011',NULL,NULL,NULL,NULL,NULL,NULL,'吉林','公司',1,'2022-09-18 15:30:58','2022-10-09 21:37:23',1,1,0),(1573163736628314113,1,'XX',0,'13364421111',NULL,NULL,NULL,NULL,NULL,NULL,'吉林','公司',0,'2022-09-23 12:13:57','2022-09-23 12:13:57',1,1,0),(1573990412404678657,1570691211231027202,'林小泉',0,'13364421111',NULL,NULL,NULL,NULL,NULL,NULL,'美国','公司',1,'2022-09-25 18:58:52','2022-10-09 20:14:41',1570691211231027202,1570691211231027202,0),(1574034018536546305,1574033807412060161,'dada',1,'13456789411',NULL,NULL,NULL,NULL,NULL,NULL,'dafsda','无',1,'2022-09-25 21:52:09','2022-09-25 21:52:11',1574033807412060161,1574033807412060161,0),(1579103494411984898,1579102100451856385,'111',1,'13456789411',NULL,NULL,NULL,NULL,NULL,NULL,'111','公司',1,'2022-10-09 21:36:26','2022-10-09 21:36:37',1579102100451856385,1579102100451856385,0);
/*!40000 ALTER TABLE `address_book` ENABLE KEYS */;
UNLOCK TABLES;

--
-- Table structure for table `category`
--

DROP TABLE IF EXISTS `category`;
/*!40101 SET @saved_cs_client     = @@character_set_client */;
/*!50503 SET character_set_client = utf8mb4 */;
CREATE TABLE `category` (
  `id` bigint NOT NULL COMMENT '主键',
  `type` int DEFAULT NULL COMMENT '类型   1 菜品分类 2 套餐分类',
  `name` varchar(64) CHARACTER SET utf8 COLLATE utf8_bin NOT NULL COMMENT '分类名称',
  `sort` int NOT NULL DEFAULT '0' COMMENT '顺序',
  `create_time` datetime NOT NULL COMMENT '创建时间',
  `update_time` datetime NOT NULL COMMENT '更新时间',
  `create_user` bigint NOT NULL COMMENT '创建人',
  `update_user` bigint NOT NULL COMMENT '修改人',
  PRIMARY KEY (`id`) USING BTREE,
  UNIQUE KEY `idx_category_name` (`name`)
) ENGINE=InnoDB DEFAULT CHARSET=utf8mb3 COLLATE=utf8_bin COMMENT='菜品及套餐分类';
/*!40101 SET character_set_client = @saved_cs_client */;

--
-- Dumping data for table `category`
--

LOCK TABLES `category` WRITE;
/*!40000 ALTER TABLE `category` DISABLE KEYS */;
INSERT INTO `category` VALUES (1397844263642378242,1,'湘菜',1,'2021-05-27 09:16:58','2021-07-15 20:25:23',1,1),(1397844303408574465,1,'川菜',2,'2021-05-27 09:17:07','2021-06-02 14:27:22',1,1),(1397844391040167938,1,'粤菜',3,'2021-05-27 09:17:28','2021-07-09 14:37:13',1,1),(1413341197421846529,1,'饮品',6,'2021-07-09 11:36:15','2022-09-11 20:27:16',1,1),(1413342269393674242,2,'商务套餐',4,'2021-07-09 11:40:30','2022-09-11 20:26:59',1,1),(1413384954989060097,1,'主食',7,'2021-07-09 14:30:07','2022-09-11 20:27:19',1,1),(1413386191767674881,2,'儿童套餐',5,'2021-07-09 14:35:02','2022-09-11 20:27:08',1,1),(1568984824503365633,1,'东北菜',8,'2022-09-11 23:28:27','2022-09-11 23:28:27',1,1),(1569135778586501121,2,'养生套餐',1,'2022-09-12 09:28:17','2022-09-12 09:28:17',1,1),(1569136727652569089,1,'鲁菜',9,'2022-09-12 09:32:04','2022-09-12 09:32:04',1,1),(1570043061323472897,2,'特惠套餐',3,'2022-09-14 21:33:30','2022-09-14 21:33:30',1,1),(1573129040292757505,1,'虚拟菜',0,'2022-09-23 09:56:05','2022-09-23 09:56:05',1,1),(1573135748092137474,1,'testdish01',9,'2022-09-23 10:22:44','2022-09-23 10:22:44',1,1),(1573145591620415490,2,'虚拟套餐',1,'2022-09-23 11:01:51','2022-09-23 11:01:51',1,1),(1579439577213468674,1,'redisutils01',8,'2022-10-10 19:51:54','2022-10-10 19:51:54',1,1);
/*!40000 ALTER TABLE `category` ENABLE KEYS */;
UNLOCK TABLES;

--
-- Table structure for table `dish`
--

DROP TABLE IF EXISTS `dish`;
/*!40101 SET @saved_cs_client     = @@character_set_client */;
/*!50503 SET character_set_client = utf8mb4 */;
CREATE TABLE `dish` (
  `id` bigint NOT NULL COMMENT '主键',
  `name` varchar(64) CHARACTER SET utf8 COLLATE utf8_bin NOT NULL COMMENT '菜品名称',
  `category_id` bigint NOT NULL COMMENT '菜品分类id',
  `price` decimal(10,2) DEFAULT NULL COMMENT '菜品价格',
  `code` varchar(64) CHARACTER SET utf8 COLLATE utf8_bin NOT NULL COMMENT '商品码',
  `image` varchar(200) CHARACTER SET utf8 COLLATE utf8_bin NOT NULL COMMENT '图片',
  `description` varchar(400) CHARACTER SET utf8 COLLATE utf8_bin DEFAULT NULL COMMENT '描述信息',
  `status` int NOT NULL DEFAULT '1' COMMENT '0 停售 1 起售',
  `sort` int NOT NULL DEFAULT '0' COMMENT '顺序',
  `create_time` datetime NOT NULL COMMENT '创建时间',
  `update_time` datetime NOT NULL COMMENT '更新时间',
  `create_user` bigint NOT NULL COMMENT '创建人',
  `update_user` bigint NOT NULL COMMENT '修改人',
  `is_deleted` int NOT NULL DEFAULT '0' COMMENT '是否删除',
  PRIMARY KEY (`id`) USING BTREE,
  UNIQUE KEY `idx_dish_name` (`name`)
) ENGINE=InnoDB DEFAULT CHARSET=utf8mb3 COLLATE=utf8_bin COMMENT='菜品管理';
/*!40101 SET character_set_client = @saved_cs_client */;

--
-- Dumping data for table `dish`
--

LOCK TABLES `dish` WRITE;
/*!40000 ALTER TABLE `dish` DISABLE KEYS */;
INSERT INTO `dish` VALUES (1397849739276890114,'辣子鸡',1397844263642378242,7800.00,'222222222','3455640d-ba87-48e9-939f-f07bf4d380b9.jpg','来自鲜嫩美味的小鸡，值得一尝',1,0,'2021-05-27 09:38:43','2022-09-23 09:52:02',1,1,0),(1397850140982161409,'毛氏红烧肉',1397844263642378242,6800.00,'123412341234','b6a804d5-4a59-428e-b17b-9cc34e9456eb.jpg','毛氏红烧肉毛氏红烧肉，确定不来一份？',1,0,'2021-05-27 09:40:19','2022-09-13 12:56:49',1,1,0),(1397850392090947585,'组庵鱼翅',1397844263642378242,4800.00,'123412341234','ff058738-718b-467c-aafd-bc18f8c48c99.jpg','组庵鱼翅，看图足以表明好吃程度',1,0,'2021-05-27 09:41:19','2022-09-13 12:56:35',1,1,0),(1397850851245600769,'霸王别姬',1397844263642378242,12800.00,'123412341234','3f09ff59-9b2c-4f01-b482-903a3b75303a.jpg','还有什么比霸王别姬更美味的呢？',1,0,'2021-05-27 09:43:08','2022-09-13 12:56:21',1,1,0),(1397851099502260226,'全家福',1397844263642378242,11800.00,'23412341234','e67b29b8-08cc-4ff8-88c0-66528adcebdd.jpeg','别光吃肉啦，来份全家福吧，让你长寿又美味',1,0,'2021-05-27 09:44:08','2022-09-13 12:56:08',1,1,0),(1397851370462687234,'邵阳猪血丸子',1397844263642378242,13800.00,'1246812345678','6406f281-363d-45cd-80f2-70caca1c8ec6.jpg','看，美味不？来嘛来嘛，这才是最爱吖',1,0,'2021-05-27 09:45:12','2022-09-13 12:55:51',1,1,0),(1397851668262465537,'口味蛇',1397844263642378242,16800.00,'1234567812345678','499063a7-4e26-4267-be9c-ccb69568fd5a.jpg','爬行界的扛把子，东兴-口味蛇，让你欲罢不能',1,0,'2021-05-27 09:46:23','2022-09-13 12:55:35',1,1,0),(1397852391150759938,'辣子鸡丁',1397844303408574465,8800.00,'2346812468','a0e72acd-510b-45fd-bb2a-3166994c76f2.jpg','辣子鸡丁，辣子鸡丁，永远的魂',1,0,'2021-05-27 09:49:16','2022-09-13 12:55:23',1,1,0),(1397853183287013378,'麻辣兔头',1397844303408574465,19800.00,'123456787654321','29671e08-fd8d-4bf2-a68d-254ba0438660.jpg','麻辣兔头的详细制作，麻辣鲜香，色泽红润，回味悠长',1,0,'2021-05-27 09:52:24','2022-09-13 12:55:12',1,1,0),(1397853709101740034,'蒜泥白肉',1397844303408574465,9800.00,'1234321234321','2150f03e-3262-43db-b2ae-ebf56809e951.jpg','多么的有食欲啊',1,0,'2021-05-27 09:54:30','2022-09-13 12:54:58',1,1,0),(1397853890262118402,'鱼香肉丝',1397844303408574465,3800.00,'1234212321234','20e08dab-32ed-4e2a-9368-79afb2ba05fb.jpg','鱼香肉丝简直就是我们童年回忆的一道经典菜，上学的时候点个鱼香肉丝盖饭坐在宿舍床上看着肥皂剧，绝了！现在完美复刻一下上学的时候感觉',1,0,'2021-05-27 09:55:13','2022-09-13 12:54:42',1,1,0),(1397854652581064706,'麻辣水煮鱼',1397844303408574465,14800.00,'2345312·345321','436c876d-bee6-4929-86ee-5433539408e4.jpg','鱼片是买的切好的鱼片，放几个虾，增加味道',1,0,'2021-05-27 09:58:15','2022-09-13 12:53:48',1,1,0),(1397854865672679425,'鱼香炒鸡蛋',1397844303408574465,2000.00,'23456431·23456','47cbf7cb-cb85-4a0f-b17f-569791b13ebb.jpg','鱼香菜也是川味的特色。里面没有鱼却鱼香味',1,0,'2021-05-27 09:59:06','2022-09-13 12:53:30',1,1,0),(1397860242057375745,'脆皮烧鹅',1397844391040167938,12800.00,'123456786543213456','8f0ff2d6-d2f2-4ed9-8d81-fc74b8d71995.jpeg','“广东烤鸭美而香，却胜烧鹅说古冈（今新会），燕瘦环肥各佳妙，君休偏重便宜坊”，可见烧鹅与烧鸭在粤菜之中已早负盛名。作为广州最普遍和最受欢迎的烧烤肉食，以它的“色泽金红，皮脆肉嫩，味香可口”的特色，在省城各大街小巷的烧卤店随处可见。',1,0,'2021-05-27 10:20:27','2022-09-13 12:53:11',1,1,0),(1397860578738352129,'白切鸡',1397844391040167938,6600.00,'12345678654','f73b455c-beb3-4bc2-9acc-03973821b9bd.jpeg','白切鸡是一道色香味俱全的特色传统名肴，又叫白斩鸡，是粤菜系鸡肴中的一种，始于清代的民间。白切鸡通常选用细骨农家鸡与沙姜、蒜茸等食材，慢火煮浸白切鸡皮爽肉滑，清淡鲜美。著名的泮溪酒家白切鸡，曾获商业部优质产品金鼎奖。湛江白切鸡更是驰名粤港澳。粤菜厨坛中，鸡的菜式有200余款之多，而最为人常食不厌的正是白切鸡，深受食家青睐。',1,0,'2021-05-27 10:21:48','2022-09-13 12:52:49',1,1,0),(1397860792492666881,'烤乳猪',1397844391040167938,38800.00,'213456432123456','016d26e2-042e-4b54-8ac7-cfccca4022ef.jpeg','广式烧乳猪主料是小乳猪，辅料是蒜，调料是五香粉、芝麻酱、八角粉等，本菜品主要通过将食材放入炭火中烧烤而成。烤乳猪是广州最著名的特色菜，并且是“满汉全席”中的主打菜肴之一。烤乳猪也是许多年来广东人祭祖的祭品之一，是家家都少不了的应节之物，用乳猪祭完先人后，亲戚们再聚餐食用。',1,0,'2021-05-27 10:22:39','2022-09-13 12:52:26',1,1,0),(1397860963880316929,'脆皮乳鸽',1397844391040167938,10800.00,'1234563212345','6aa7a2a8-8a49-4da9-a2ac-96391c0b1529.jpeg','“脆皮乳鸽”是广东菜中的一道传统名菜，属于粤菜系，具有皮脆肉嫩、色泽红亮、鲜香味美的特点，常吃可使身体强健，清肺顺气。随着菜品制作工艺的不断发展，逐渐形成了熟炸法、生炸法和烤制法三种制作方法。无论那种制作方法，都是在鸽子经过一系列的加工，挂脆皮水后再加工而成，正宗的“脆皮乳鸽皮脆肉嫩、色泽红亮、鲜香味美、香气馥郁。这三种方法的制作过程都不算复杂，但想达到理想的效果并不容易。',1,0,'2021-05-27 10:23:19','2022-09-13 12:52:16',1,1,0),(1397861683434139649,'清蒸河鲜海鲜',1397844391040167938,38800.00,'1234567876543213456','3a4492a6-8df7-46f6-a1e7-b5d41a4ef8bb.jpeg','新鲜的海鲜，清蒸是最好的处理方式。鲜，体会为什么叫海鲜。清蒸是广州最经典的烹饪手法，过去岭南地区由于峻山大岭阻隔，交通不便，经济发展起步慢，自家打的鱼放在锅里煮了就吃，没有太多的讲究，但却发现这清淡的煮法能使鱼的鲜甜跃然舌尖。',1,0,'2021-05-27 10:26:11','2022-09-13 12:52:02',1,1,0),(1397862198033297410,'老火靓汤',1397844391040167938,49800.00,'123456786532455','2cda64da-6142-47c3-9733-7988c19a21ef.jpg','老火靓汤又称广府汤，是广府人传承数千年的食补养生秘方，慢火煲煮的中华老火靓汤，火候足，时间长，既取药补之效，又取入口之甘甜。 广府老火汤种类繁多，可以用各种汤料和烹调方法，烹制出各种不同口味、不同功效的汤来。',1,0,'2021-05-27 10:28:14','2022-09-23 09:52:02',1,1,0),(1397862477831122945,'上汤焗龙虾',1397844391040167938,108800.00,'1234567865432','beb3895e-a1bc-4910-8bb1-b2b3a6377611.jpeg','上汤焗龙虾是一道色香味俱全的传统名菜，属于粤菜系。此菜以龙虾为主料，配以高汤制成的一道海鲜美食。本品肉质洁白细嫩，味道鲜美，蛋白质含量高，脂肪含量低，营养丰富。是色香味俱全的传统名菜。',1,0,'2021-05-27 10:29:20','2022-09-13 12:51:32',1,1,0),(1413342036832100354,'北冰洋',1413341197421846529,599.00,'','65cda9a6-330d-4ee4-a3c4-a91a1bb915c4.png','酷爽到天际！！！',1,0,'2021-07-09 11:39:35','2022-09-13 12:50:45',1,1,0),(1413384757047271425,'王老吉',1413341197421846529,500.00,'','82125e5b-eb43-4f50-8922-0790cebf8270.png','',1,0,'2021-07-09 14:29:20','2022-09-13 12:51:00',1,1,0),(1413385247889891330,'米饭',1413384954989060097,200.00,'','13e0b24a-95e3-494d-aa75-b12a1d3efecc.png','',1,0,'2021-07-09 14:31:17','2022-09-13 12:50:52',1,1,0),(1569551215287685121,'地三鲜',1568984824503365633,2990.00,'','0452e382-667e-44ff-90c2-92a8cdd027ab.png','东北经典之作',1,0,'2022-09-13 12:59:05','2022-09-13 13:22:26',1,1,0),(1573143129593339906,'露露肠',1569136727652569089,4444.00,'','cad8cc14-9a3d-41ed-90c2-d7a40522b4c1.png','',1,0,'2022-09-23 10:52:04','2022-09-23 10:59:16',1,1,0),(1573160627818573825,'虚拟之容',1573129040292757505,7777.00,'','0074ace5-d5f0-4a5a-9ce5-2911bc40b299.png','',1,0,'2022-09-23 12:01:36','2022-09-23 12:01:36',1,1,0),(1573160893368348673,'虚拟轮回',1573129040292757505,9999.00,'','764fdda3-3738-481f-a5bf-57f32d7b1479.png','',1,0,'2022-09-23 12:02:40','2022-09-25 20:13:09',1,1,0),(1573161324031094785,'杏仁露',1413341197421846529,400.00,'','0ae49af3-4b93-4c95-ad12-c1a92bf6447c.png','',1,0,'2022-09-23 12:04:22','2022-09-23 12:04:22',1,1,0),(1573206962957496322,'虚拟2.0',1573129040292757505,2222.00,'','6453c2d6-6c6d-4d7b-aeed-ffa45c644f2a.png','',1,0,'2022-09-23 15:05:43','2022-09-25 20:13:09',1,1,0);
/*!40000 ALTER TABLE `dish` ENABLE KEYS */;
UNLOCK TABLES;

--
-- Table structure for table `dish_flavor`
--

DROP TABLE IF EXISTS `dish_flavor`;
/*!40101 SET @saved_cs_client     = @@character_set_client */;
/*!50503 SET character_set_client = utf8mb4 */;
CREATE TABLE `dish_flavor` (
  `id` bigint NOT NULL COMMENT '主键',
  `dish_id` bigint NOT NULL COMMENT '菜品',
  `name` varchar(64) CHARACTER SET utf8 COLLATE utf8_bin NOT NULL COMMENT '口味名称',
  `value` varchar(500) CHARACTER SET utf8 COLLATE utf8_bin DEFAULT NULL COMMENT '口味数据list',
  `create_time` datetime NOT NULL COMMENT '创建时间',
  `update_time` datetime NOT NULL COMMENT '更新时间',
  `create_user` bigint NOT NULL COMMENT '创建人',
  `update_user` bigint NOT NULL COMMENT '修改人',
  `is_deleted` int NOT NULL DEFAULT '0' COMMENT '是否删除',
  PRIMARY KEY (`id`) USING BTREE
) ENGINE=InnoDB DEFAULT CHARSET=utf8mb3 COLLATE=utf8_bin COMMENT='菜品口味关系表';
/*!40101 SET character_set_client = @saved_cs_client */;

--
-- Dumping data for table `dish_flavor`
--

LOCK TABLES `dish_flavor` WRITE;
/*!40000 ALTER TABLE `dish_flavor` DISABLE KEYS */;
INSERT INTO `dish_flavor` VALUES (1397849417888346113,1397849417854791681,'辣度','[\"不辣\",\"微辣\",\"中辣\",\"重辣\"]','2021-05-27 09:37:27','2021-05-27 09:37:27',1,1,0),(1397849739297861633,1397849739276890114,'忌口','[\"不要葱\",\"不要蒜\",\"不要香菜\",\"不要辣\"]','2022-09-13 12:57:01','2022-09-13 12:57:01',1,1,0),(1397849739323027458,1397849739276890114,'辣度','[\"不辣\",\"微辣\",\"中辣\",\"重辣\"]','2022-09-13 12:57:01','2022-09-13 12:57:01',1,1,0),(1397849936421761025,1397849936404983809,'忌口','[\"不要葱\",\"不要蒜\",\"不要香菜\",\"不要辣\"]','2021-05-27 09:39:30','2021-05-27 09:39:30',1,1,0),(1397849936438538241,1397849936404983809,'辣度','[\"不辣\",\"微辣\",\"中辣\",\"重辣\"]','2021-05-27 09:39:30','2021-05-27 09:39:30',1,1,0),(1397850141015715841,1397850140982161409,'忌口','[\"不要葱\",\"不要蒜\",\"不要香菜\",\"不要辣\"]','2022-09-13 12:56:49','2022-09-13 12:56:49',1,1,0),(1397850141040881665,1397850140982161409,'辣度','[\"不辣\",\"微辣\",\"中辣\",\"重辣\"]','2022-09-13 12:56:49','2022-09-13 12:56:49',1,1,0),(1397850392120307713,1397850392090947585,'辣度','[\"不辣\",\"微辣\",\"中辣\",\"重辣\"]','2022-09-13 12:56:35','2022-09-13 12:56:35',1,1,0),(1397850392137084929,1397850392090947585,'辣度','[\"不辣\",\"微辣\",\"中辣\",\"重辣\"]','2022-09-13 12:56:35','2022-09-13 12:56:35',1,1,0),(1397850630734262274,1397850630700707841,'忌口','[\"不要葱\",\"不要蒜\",\"不要香菜\",\"不要辣\"]','2021-05-27 09:42:16','2021-05-27 09:42:16',1,1,0),(1397850630755233794,1397850630700707841,'辣度','[\"微辣\",\"中辣\",\"重辣\"]','2021-05-27 09:42:16','2021-05-27 09:42:16',1,1,0),(1397850851274960898,1397850851245600769,'忌口','[\"不要蒜\",\"不要香菜\",\"不要辣\"]','2022-09-13 12:56:21','2022-09-13 12:56:21',1,1,0),(1397850851283349505,1397850851245600769,'辣度','[\"不辣\",\"微辣\",\"中辣\",\"重辣\"]','2022-09-13 12:56:21','2022-09-13 12:56:21',1,1,0),(1397851099523231745,1397851099502260226,'忌口','[\"不要葱\",\"不要蒜\",\"不要香菜\",\"不要辣\"]','2022-09-13 12:56:08','2022-09-13 12:56:08',1,1,0),(1397851099527426050,1397851099502260226,'辣度','[\"不辣\",\"微辣\",\"中辣\"]','2022-09-13 12:56:08','2022-09-13 12:56:08',1,1,0),(1397851370483658754,1397851370462687234,'温度','[\"热饮\",\"常温\",\"去冰\",\"少冰\",\"多冰\"]','2022-09-13 12:55:51','2022-09-13 12:55:51',1,1,0),(1397851370483658755,1397851370462687234,'忌口','[\"不要葱\",\"不要蒜\",\"不要香菜\",\"不要辣\"]','2022-09-13 12:55:51','2022-09-13 12:55:51',1,1,0),(1397851370483658756,1397851370462687234,'辣度','[\"不辣\",\"微辣\",\"中辣\",\"重辣\"]','2022-09-13 12:55:51','2022-09-13 12:55:51',1,1,0),(1397851668283437058,1397851668262465537,'温度','[\"热饮\",\"常温\",\"去冰\",\"少冰\",\"多冰\"]','2022-09-13 12:55:35','2022-09-13 12:55:35',1,1,0),(1397852391180120065,1397852391150759938,'忌口','[\"不要葱\",\"不要香菜\",\"不要辣\"]','2022-09-13 12:55:23','2022-09-13 12:55:23',1,1,0),(1397852391196897281,1397852391150759938,'辣度','[\"不辣\",\"微辣\",\"重辣\"]','2022-09-13 12:55:23','2022-09-13 12:55:23',1,1,0),(1397853183307984898,1397853183287013378,'辣度','[\"不辣\",\"微辣\",\"中辣\",\"重辣\"]','2022-09-13 12:55:12','2022-09-13 12:55:12',1,1,0),(1397853423486414850,1397853423461249026,'辣度','[\"不辣\",\"微辣\",\"中辣\",\"重辣\"]','2021-05-27 09:53:22','2021-05-27 09:53:22',1,1,0),(1397853709126905857,1397853709101740034,'忌口','[\"不要葱\",\"不要蒜\",\"不要香菜\",\"不要辣\"]','2022-09-13 12:54:58','2022-09-13 12:54:58',1,1,0),(1397853890283089922,1397853890262118402,'辣度','[\"不辣\",\"微辣\",\"中辣\",\"重辣\"]','2022-09-13 12:54:42','2022-09-13 12:54:42',1,1,0),(1397854133632413697,1397854133603053569,'温度','[\"热饮\",\"常温\",\"去冰\",\"少冰\",\"多冰\"]','2021-05-27 09:56:11','2021-05-27 09:56:11',1,1,0),(1397854652623007745,1397854652581064706,'忌口','[\"不要葱\",\"不要蒜\",\"不要香菜\",\"不要辣\"]','2022-09-13 12:53:48','2022-09-13 12:53:48',1,1,0),(1397854652635590658,1397854652581064706,'辣度','[\"不辣\",\"微辣\",\"中辣\",\"重辣\"]','2022-09-13 12:53:48','2022-09-13 12:53:48',1,1,0),(1397854865735593986,1397854865672679425,'辣度','[\"不辣\",\"微辣\",\"中辣\",\"重辣\"]','2022-09-13 12:53:30','2022-09-13 12:53:30',1,1,0),(1397855742303186946,1397855742273826817,'辣度','[\"不辣\",\"微辣\",\"中辣\",\"重辣\"]','2021-05-27 10:02:35','2021-05-27 10:02:35',1,1,0),(1397855906497605633,1397855906468245506,'忌口','[\"不要葱\",\"不要蒜\",\"不要香菜\",\"不要辣\"]','2021-05-27 10:03:14','2021-05-27 10:03:14',1,1,0),(1397856190573621250,1397856190540066818,'辣度','[\"不辣\",\"微辣\",\"中辣\",\"重辣\"]','2021-05-27 10:04:21','2021-05-27 10:04:21',1,1,0),(1397859056709316609,1397859056684150785,'辣度','[\"不辣\",\"微辣\",\"中辣\",\"重辣\"]','2021-05-27 10:15:45','2021-05-27 10:15:45',1,1,0),(1397859277837217794,1397859277812051969,'辣度','[\"不辣\",\"微辣\",\"中辣\",\"重辣\"]','2021-05-27 10:16:37','2021-05-27 10:16:37',1,1,0),(1397859487502086146,1397859487476920321,'辣度','[\"不辣\",\"微辣\",\"中辣\",\"重辣\"]','2021-05-27 10:17:27','2021-05-27 10:17:27',1,1,0),(1397859757061615618,1397859757036449794,'甜味','[\"无糖\",\"少糖\",\"半躺\",\"多糖\",\"全糖\"]','2021-05-27 10:18:32','2021-05-27 10:18:32',1,1,0),(1397860242086735874,1397860242057375745,'辣度','[\"不辣\",\"微辣\",\"中辣\",\"重辣\"]','2022-09-13 12:53:11','2022-09-13 12:53:11',1,1,0),(1397860963918065665,1397860963880316929,'辣度','[\"不辣\",\"微辣\",\"中辣\",\"重辣\"]','2022-09-13 12:52:16','2022-09-13 12:52:16',1,1,0),(1397861135754506242,1397861135733534722,'甜味','[\"无糖\",\"少糖\",\"半躺\",\"多糖\",\"全糖\"]','2021-05-27 10:24:00','2021-05-27 10:24:00',1,1,0),(1397861370035744769,1397861370010578945,'辣度','[\"不辣\",\"微辣\",\"中辣\",\"重辣\"]','2021-05-27 10:24:56','2021-05-27 10:24:56',1,1,0),(1397861683459305474,1397861683434139649,'忌口','[\"不要葱\",\"不要蒜\",\"不要香菜\",\"不要辣\"]','2022-09-13 12:52:02','2022-09-13 12:52:02',1,1,0),(1397861898467717121,1397861898438356993,'忌口','[\"不要葱\",\"不要蒜\",\"不要香菜\",\"不要辣\"]','2021-05-27 10:27:02','2021-05-27 10:27:02',1,1,0),(1397862198054268929,1397862198033297410,'忌口','[\"不要葱\",\"不要蒜\",\"不要香菜\",\"不要辣\"]','2022-09-13 12:57:20','2022-09-13 12:57:20',1,1,0),(1397862477835317250,1397862477831122945,'辣度','[\"不辣\",\"微辣\",\"中辣\"]','2022-09-13 12:51:32','2022-09-13 12:51:32',1,1,0),(1398089545865015297,1398089545676271617,'温度','[\"热饮\",\"常温\",\"去冰\",\"少冰\",\"多冰\"]','2021-05-28 01:31:38','2021-05-28 01:31:38',1,1,0),(1398089782323097601,1398089782285348866,'辣度','[\"不辣\",\"微辣\",\"中辣\",\"重辣\"]','2021-05-28 01:32:34','2021-05-28 01:32:34',1,1,0),(1398090003262255106,1398090003228700673,'忌口','[\"不要葱\",\"不要蒜\",\"不要香菜\",\"不要辣\"]','2021-05-28 01:33:27','2021-05-28 01:33:27',1,1,0),(1398090264554811394,1398090264517062657,'忌口','[\"不要葱\",\"不要蒜\",\"不要香菜\",\"不要辣\"]','2021-05-28 01:34:29','2021-05-28 01:34:29',1,1,0),(1398090455399837698,1398090455324340225,'辣度','[\"不辣\",\"微辣\",\"中辣\",\"重辣\"]','2021-05-28 01:35:14','2021-05-28 01:35:14',1,1,0),(1398090685449023490,1398090685419663362,'温度','[\"热饮\",\"常温\",\"去冰\",\"少冰\",\"多冰\"]','2021-05-28 01:36:09','2021-05-28 01:36:09',1,1,0),(1398090825358422017,1398090825329061889,'忌口','[\"不要葱\",\"不要蒜\",\"不要香菜\",\"不要辣\"]','2021-05-28 01:36:43','2021-05-28 01:36:43',1,1,0),(1398091007051476993,1398091007017922561,'辣度','[\"不辣\",\"微辣\",\"中辣\",\"重辣\"]','2021-05-28 01:37:26','2021-05-28 01:37:26',1,1,0),(1398091296164851713,1398091296131297281,'辣度','[\"不辣\",\"微辣\",\"中辣\",\"重辣\"]','2021-05-28 01:38:35','2021-05-28 01:38:35',1,1,0),(1398091546531246081,1398091546480914433,'忌口','[\"不要葱\",\"不要蒜\",\"不要香菜\",\"不要辣\"]','2021-05-28 01:39:35','2021-05-28 01:39:35',1,1,0),(1398091729809747969,1398091729788776450,'辣度','[\"不辣\",\"微辣\",\"中辣\",\"重辣\"]','2021-05-28 01:40:18','2021-05-28 01:40:18',1,1,0),(1398091889499484161,1398091889449152513,'辣度','[\"不辣\",\"微辣\",\"中辣\",\"重辣\"]','2021-05-28 01:40:56','2021-05-28 01:40:56',1,1,0),(1398092095179763713,1398092095142014978,'辣度','[\"不辣\",\"微辣\",\"中辣\",\"重辣\"]','2021-05-28 01:41:45','2021-05-28 01:41:45',1,1,0),(1398092283877306370,1398092283847946241,'辣度','[\"不辣\",\"微辣\",\"中辣\",\"重辣\"]','2021-05-28 01:42:30','2021-05-28 01:42:30',1,1,0),(1398094018939236354,1398094018893099009,'辣度','[\"不辣\",\"微辣\",\"中辣\",\"重辣\"]','2021-05-28 01:49:24','2021-05-28 01:49:24',1,1,0),(1398094391494094850,1398094391456346113,'辣度','[\"不辣\",\"微辣\",\"中辣\",\"重辣\"]','2021-05-28 01:50:53','2021-05-28 01:50:53',1,1,0),(1399574026165727233,1399305325713600514,'辣度','[\"不辣\",\"微辣\",\"中辣\",\"重辣\"]','2021-06-01 03:50:25','2021-06-01 03:50:25',1399309715396669441,1399309715396669441,0),(1413389540592263169,1413384757047271425,'温度','[\"常温\",\"冷藏\"]','2022-09-13 12:51:00','2022-09-13 12:51:00',1,1,0),(1413389684020682754,1413342036832100354,'温度','[\"常温\",\"冷藏\"]','2022-09-13 12:50:45','2022-09-13 12:50:45',1,1,0),(1569518665995440129,1569518665957691394,'辣度','[\"不辣\",\"微辣\",\"中辣\",\"重辣\"]','2022-09-13 12:51:24','2022-09-13 12:51:24',1,1,0),(1569551215287685122,1569551215287685121,'辣度','[\"微辣\"]','2022-09-13 12:59:05','2022-09-13 12:59:05',1,1,0),(1569554098141876227,1569554098141876226,'甜味','[\"无糖\",\"少糖\",\"半糖\",\"多糖\",\"全糖\"]','2022-09-13 13:10:33','2022-09-13 13:10:33',1,1,0),(1569554181973430274,1569554181910515714,'甜味','[\"无糖\",\"少糖\",\"半糖\",\"多糖\",\"全糖\"]','2022-09-13 13:10:53','2022-09-13 13:10:53',1,1,0),(1572874193131921409,1572874193110949890,'甜味','[\"无糖\",\"少糖\",\"半糖\",\"多糖\",\"全糖\"]','2022-09-22 17:03:25','2022-09-22 17:03:25',1,1,0),(1573129156474978306,1573129156474978305,'甜味','[\"无糖\",\"少糖\",\"半糖\",\"多糖\",\"全糖\"]','2022-09-23 09:57:51','2022-09-23 09:57:51',1,1,0),(1573130464581926914,1573129570129821698,'辣度','[\"不辣\",\"微辣\",\"中辣\",\"重辣\"]','2022-09-23 10:01:45','2022-09-23 10:01:45',1,1,0),(1573131421499801603,1573131421499801602,'辣度','[\"不辣\",\"微辣\",\"中辣\",\"重辣\"]','2022-09-23 10:05:33','2022-09-23 10:05:33',1,1,0),(1573143129593339907,1573143129593339906,'甜味','[\"无糖\",\"少糖\",\"半糖\",\"多糖\",\"全糖\"]','2022-09-23 10:59:16','2022-09-23 10:59:16',1,1,0),(1573160627818573826,1573160627818573825,'甜味','[\"无糖\",\"少糖\",\"半糖\",\"多糖\",\"全糖\"]','2022-09-23 12:01:36','2022-09-23 12:01:36',1,1,0),(1573165632436895746,1573160893368348673,'温度','[\"热饮\",\"常温\",\"去冰\",\"少冰\",\"多冰\"]','2022-09-23 12:21:29','2022-09-23 12:21:29',1,1,0),(1573206962982662145,1573206962957496322,'甜味','[\"无糖\",\"少糖\",\"半糖\",\"多糖\",\"全糖\"]','2022-09-23 15:05:43','2022-09-23 15:05:43',1,1,0),(1574009152919842819,1574009152919842818,'甜味','[\"无糖\",\"少糖\",\"半糖\",\"多糖\",\"全糖\"]','2022-09-25 20:13:20','2022-09-25 20:13:20',1,1,0);
/*!40000 ALTER TABLE `dish_flavor` ENABLE KEYS */;
UNLOCK TABLES;

--
-- Table structure for table `employee`
--

DROP TABLE IF EXISTS `employee`;
/*!40101 SET @saved_cs_client     = @@character_set_client */;
/*!50503 SET character_set_client = utf8mb4 */;
CREATE TABLE `employee` (
  `id` bigint NOT NULL COMMENT '主键',
  `name` varchar(32) CHARACTER SET utf8 COLLATE utf8_bin NOT NULL COMMENT '姓名',
  `username` varchar(32) CHARACTER SET utf8 COLLATE utf8_bin NOT NULL COMMENT '用户名',
  `password` varchar(64) CHARACTER SET utf8 COLLATE utf8_bin NOT NULL COMMENT '密码',
  `phone` varchar(11) CHARACTER SET utf8 COLLATE utf8_bin NOT NULL COMMENT '手机号',
  `sex` varchar(2) CHARACTER SET utf8 COLLATE utf8_bin NOT NULL COMMENT '性别',
  `id_number` varchar(18) CHARACTER SET utf8 COLLATE utf8_bin NOT NULL COMMENT '身份证号',
  `status` int NOT NULL DEFAULT '1' COMMENT '状态 0:禁用，1:正常',
  `create_time` datetime NOT NULL COMMENT '创建时间',
  `update_time` datetime NOT NULL COMMENT '更新时间',
  `create_user` bigint NOT NULL COMMENT '创建人',
  `update_user` bigint NOT NULL COMMENT '修改人',
  PRIMARY KEY (`id`) USING BTREE,
  UNIQUE KEY `idx_username` (`username`)
) ENGINE=InnoDB DEFAULT CHARSET=utf8mb3 COLLATE=utf8_bin COMMENT='员工信息';
/*!40101 SET character_set_client = @saved_cs_client */;

--
-- Dumping data for table `employee`
--

LOCK TABLES `employee` WRITE;
/*!40000 ALTER TABLE `employee` DISABLE KEYS */;
INSERT INTO `employee` VALUES (1,'管理员','admin','e10adc3949ba59abbe56e057f20f883e','13812312312','1','110101199001010047',1,'2021-05-06 17:20:07','2021-05-10 02:24:09',1,1),(1568150831042158593,'ZS','ZS001','e10adc3949ba59abbe56e057f20f883e','13364426666','1','111111111111111111',1,'2022-09-09 16:14:28','2022-09-09 20:50:48',1,1),(1568151304797274114,'ZS','ZS123','e10adc3949ba59abbe56e057f20f883e','13364420000','1','220802200102161111',1,'2022-09-09 16:16:21','2022-09-09 20:26:37',1,1),(1568151963919499265,'LS','LS001','e10adc3949ba59abbe56e057f20f883e','13364422222','1','222222222222222222',1,'2022-09-09 16:18:58','2022-09-09 16:18:58',1,1),(1569121795062132738,'test001','test01','e10adc3949ba59abbe56e057f20f883e','13364421111','1','111111222222333333',1,'2022-09-12 08:32:43','2022-09-12 09:32:27',1,1),(1573127634085232641,'主从库001','MS01','e10adc3949ba59abbe56e057f20f883e','13364420000','0','000000000000000000',1,'2022-09-23 09:50:30','2022-09-23 09:50:42',1,1),(1579073293061718018,'se01','security01','e10adc3949ba59abbe56e057f20f883e','13364420000','1','999999999999999999',1,'2022-10-09 19:36:25','2022-10-09 19:36:25',1,1);
/*!40000 ALTER TABLE `employee` ENABLE KEYS */;
UNLOCK TABLES;

--
-- Table structure for table `order_detail`
--

DROP TABLE IF EXISTS `order_detail`;
/*!40101 SET @saved_cs_client     = @@character_set_client */;
/*!50503 SET character_set_client = utf8mb4 */;
CREATE TABLE `order_detail` (
  `id` bigint NOT NULL COMMENT '主键',
  `name` varchar(50) CHARACTER SET utf8 COLLATE utf8_bin DEFAULT NULL COMMENT '名字',
  `image` varchar(100) CHARACTER SET utf8 COLLATE utf8_bin DEFAULT NULL COMMENT '图片',
  `order_id` bigint NOT NULL COMMENT '订单id',
  `dish_id` bigint DEFAULT NULL COMMENT '菜品id',
  `setmeal_id` bigint DEFAULT NULL COMMENT '套餐id',
  `dish_flavor` varchar(50) CHARACTER SET utf8 COLLATE utf8_bin DEFAULT NULL COMMENT '口味',
  `number` int NOT NULL DEFAULT '1' COMMENT '数量',
  `amount` decimal(10,2) NOT NULL COMMENT '金额',
  PRIMARY KEY (`id`) USING BTREE
) ENGINE=InnoDB DEFAULT CHARSET=utf8mb3 COLLATE=utf8_bin COMMENT='订单明细表';
/*!40101 SET character_set_client = @saved_cs_client */;

--
-- Dumping data for table `order_detail`
--

LOCK TABLES `order_detail` WRITE;
/*!40000 ALTER TABLE `order_detail` DISABLE KEYS */;
INSERT INTO `order_detail` VALUES (1571104887444422657,'米饭','13e0b24a-95e3-494d-aa75-b12a1d3efecc.png',1571104887402479617,1413385247889891330,NULL,NULL,3,2.00),(1571329959803305986,'辣子鸡','3455640d-ba87-48e9-939f-f07bf4d380b9.jpg',1571329959673282562,1397849739276890114,NULL,NULL,1,78.00),(1571333019682263041,'毛氏红烧肉','b6a804d5-4a59-428e-b17b-9cc34e9456eb.jpg',1571333019606765569,1397850140982161409,NULL,'不要辣,中辣',1,68.00),(1571357290450145283,'毛氏红烧肉','b6a804d5-4a59-428e-b17b-9cc34e9456eb.jpg',1571357290450145281,1397850140982161409,NULL,'不要辣,中辣',1,68.00),(1571365631373193217,'辣子鸡','3455640d-ba87-48e9-939f-f07bf4d380b9.jpg',1571365630911819777,1397849739276890114,NULL,'不要葱,中辣',1,78.00),(1571365631373193218,'王老吉','82125e5b-eb43-4f50-8922-0790cebf8270.png',1571365630911819777,1413384757047271425,NULL,'冷藏',1,5.00),(1571381320917999618,'组庵鱼翅','ff058738-718b-467c-aafd-bc18f8c48c99.jpg',1571381320855085057,1397850392090947585,NULL,'不辣,重辣',1,48.00),(1571389493192228865,'麻辣兔头','29671e08-fd8d-4bf2-a68d-254ba0438660.jpg',1571389493120925697,1397853183287013378,NULL,'重辣',1,198.00),(1571401941450256386,'辣子鸡丁','a0e72acd-510b-45fd-bb2a-3166994c76f2.jpg',1571401941433479170,1397852391150759938,NULL,'不要香菜,重辣',1,88.00),(1573164798722506754,'辣子鸡','3455640d-ba87-48e9-939f-f07bf4d380b9.jpg',1573164695395827713,1397849739276890114,NULL,'不要葱,重辣',1,78.00),(1573164926732664835,'虚拟之容','0074ace5-d5f0-4a5a-9ce5-2911bc40b299.png',1573164926732664834,1573160627818573825,NULL,'少糖',1,77.77),(1573215232015233026,'毛氏红烧肉','b6a804d5-4a59-428e-b17b-9cc34e9456eb.jpg',1573215231935541249,1397850140982161409,NULL,NULL,1,68.00),(1574027375375568898,'虚拟2.0','6453c2d6-6c6d-4d7b-aeed-ffa45c644f2a.png',1574027375358791682,1573206962957496322,NULL,'全糖',1,22.22),(1574028395434483715,'疯狂星期六','25d15ad4-b2b9-41d2-80ba-7f14444b1a93.png',1574028395434483714,NULL,1570043634978430978,NULL,1,18.88),(1574031597005447170,'虚拟轮回','764fdda3-3738-481f-a5bf-57f32d7b1479.png',1574031438674665473,1573160893368348673,NULL,'去冰',1,99.99),(1574034110916091907,'虚拟轮回','764fdda3-3738-481f-a5bf-57f32d7b1479.png',1574034110916091906,1573160893368348673,NULL,'热饮',1,99.99),(1574034579705155586,'虚拟轮回','764fdda3-3738-481f-a5bf-57f32d7b1479.png',1574034305049546754,1573160893368348673,NULL,'去冰',1,99.99),(1574938725811523585,'霸王别姬','3f09ff59-9b2c-4f01-b482-903a3b75303a.jpg',1574938620849065985,1397850851245600769,NULL,'不要辣,中辣',1,128.00),(1574945392410263553,'养生之道','6196d218-3a56-4505-86f9-14c756576ad1.png',1574945330795937793,NULL,1572817545130438657,NULL,1,30.88),(1579016364826300418,'养生之道','6196d218-3a56-4505-86f9-14c756576ad1.png',1579016364696276994,NULL,1572817545130438657,NULL,1,30.88),(1579076502572617730,'养生之道','6196d218-3a56-4505-86f9-14c756576ad1.png',1579076502505508865,NULL,1572817545130438657,NULL,1,30.88),(1579076580519563267,'辣子鸡','3455640d-ba87-48e9-939f-f07bf4d380b9.jpg',1579076580519563266,1397849739276890114,NULL,'不要香菜,微辣',1,78.00),(1579076580519563268,'毛氏红烧肉','b6a804d5-4a59-428e-b17b-9cc34e9456eb.jpg',1579076580519563266,1397850140982161409,NULL,'不要香菜,中辣',1,68.00),(1579083606511321089,'辣子鸡','3455640d-ba87-48e9-939f-f07bf4d380b9.jpg',1579083358359519233,1397849739276890114,NULL,'不要香菜,微辣',1,78.00),(1579103584908288002,'虚拟轮回','764fdda3-3738-481f-a5bf-57f32d7b1479.png',1579103584841179137,1573160893368348673,NULL,'热饮',1,99.99),(1579443927306502145,'虚拟之容','0074ace5-d5f0-4a5a-9ce5-2911bc40b299.png',1579443927176478722,1573160627818573825,NULL,'少糖',1,77.77),(1579714070242680834,'虚拟轮回','764fdda3-3738-481f-a5bf-57f32d7b1479.png',1579714070175571970,1573160893368348673,NULL,'去冰',1,99.99),(1579714109711081474,'辣子鸡','3455640d-ba87-48e9-939f-f07bf4d380b9.jpg',1579714109711081473,1397849739276890114,NULL,'不要蒜,中辣',1,78.00);
/*!40000 ALTER TABLE `order_detail` ENABLE KEYS */;
UNLOCK TABLES;

--
-- Table structure for table `orders`
--

DROP TABLE IF EXISTS `orders`;
/*!40101 SET @saved_cs_client     = @@character_set_client */;
/*!50503 SET character_set_client = utf8mb4 */;
CREATE TABLE `orders` (
  `id` bigint NOT NULL COMMENT '主键',
  `number` varchar(50) CHARACTER SET utf8 COLLATE utf8_bin DEFAULT NULL COMMENT '订单号',
  `status` int NOT NULL DEFAULT '1' COMMENT '订单状态 1待付款，2待派送，3已派送，4已完成，5已取消',
  `user_id` bigint NOT NULL COMMENT '下单用户',
  `address_book_id` bigint NOT NULL COMMENT '地址id',
  `order_time` datetime NOT NULL COMMENT '下单时间',
  `checkout_time` datetime NOT NULL COMMENT '结账时间',
  `pay_method` int NOT NULL DEFAULT '1' COMMENT '支付方式 1微信,2支付宝',
  `amount` decimal(10,2) NOT NULL COMMENT '实收金额',
  `remark` varchar(100) CHARACTER SET utf8 COLLATE utf8_bin DEFAULT NULL COMMENT '备注',
  `phone` varchar(255) CHARACTER SET utf8 COLLATE utf8_bin DEFAULT NULL,
  `address` varchar(255) CHARACTER SET utf8 COLLATE utf8_bin DEFAULT NULL,
  `user_name` varchar(255) CHARACTER SET utf8 COLLATE utf8_bin DEFAULT NULL,
  `consignee` varchar(255) CHARACTER SET utf8 COLLATE utf8_bin DEFAULT NULL,
  PRIMARY KEY (`id`) USING BTREE
) ENGINE=InnoDB DEFAULT CHARSET=utf8mb3 COLLATE=utf8_bin COMMENT='订单表';
/*!40101 SET character_set_client = @saved_cs_client */;

--
-- Dumping data for table `orders`
--

LOCK TABLES `orders` WRITE;
/*!40000 ALTER TABLE `orders` DISABLE KEYS */;
INSERT INTO `orders` VALUES (1571104887402479617,'1571104887402479617',2,1570691211231027202,1570704466917793794,'2022-09-17 19:52:50','2022-09-17 19:52:50',1,6.00,'','13364422066','吉林',NULL,'林泉'),(1571329959673282562,'1571329959673282562',2,1570691211231027202,1570704466917793794,'2022-09-18 10:47:11','2022-09-18 10:47:11',1,78.00,'','13364422066','吉林',NULL,'林泉'),(1571333019606765569,'1571333019606765569',4,1570691211231027202,1570704466917793794,'2022-09-18 10:59:20','2022-09-18 10:59:20',1,68.00,'111','13364422066','吉林',NULL,'林泉'),(1571357290450145281,'1571357290450145282',2,1570691211231027202,1570704466917793794,'2022-09-18 12:35:47','2022-09-18 12:35:47',1,68.00,'111','13364422066','吉林',NULL,'林泉'),(1571365630911819777,'1571365630911819777',2,1570691211231027202,1570704466917793794,'2022-09-18 13:08:56','2022-09-18 13:08:56',1,83.00,'','13364422066','吉林',NULL,'林泉'),(1571381320855085057,'1571381320855085057',2,1570691211231027202,1570704466917793794,'2022-09-18 14:11:16','2022-09-18 14:11:16',1,48.00,'','13364422066','吉林',NULL,'林泉'),(1571389493120925697,'1571389493120925697',2,1570691211231027202,1570704466917793794,'2022-09-18 14:43:45','2022-09-18 14:43:45',1,198.00,'','13364422066','吉林',NULL,'林泉'),(1571401941433479170,'1571401941433479170',2,1570691211231027202,1570704466917793794,'2022-09-18 15:33:13','2022-09-18 15:33:13',1,88.00,'','13364422066','吉林',NULL,'林泉'),(1573164695395827713,'1573164695395827713',2,1570691211231027202,1570704466917793794,'2022-09-23 12:17:58','2022-09-23 12:17:59',1,78.00,'','13364422066','吉林',NULL,'林泉'),(1573164926732664834,'1573164926732664834',2,1570691211231027202,1570704466917793794,'2022-09-23 12:18:41','2022-09-23 12:18:41',1,77.00,'','13364422066','吉林',NULL,'林泉'),(1573215231935541249,'1573215231935541249',2,1570691211231027202,1570704466917793794,'2022-09-23 15:38:35','2022-09-23 15:38:35',1,68.00,'','13364422066','吉林',NULL,'林泉'),(1574027375358791682,'1574027375358791682',2,1570691211231027202,1573990412404678657,'2022-09-25 21:25:45','2022-09-25 21:25:45',1,22.00,'','13364421111','俄罗斯',NULL,'林小泉'),(1574028395434483714,'1574028395434483714',4,1570691211231027202,1573990412404678657,'2022-09-25 21:29:48','2022-09-25 21:29:48',1,18.00,'','13364421111','俄罗斯',NULL,'林小泉'),(1574031438674665473,'1574031438674665473',2,1570691211231027202,1573990412404678657,'2022-09-25 21:42:05','2022-09-25 21:42:06',1,99.00,'','13364421111','俄罗斯',NULL,'林小泉'),(1574034110916091906,'1574034110916091906',2,1574033807412060161,1574034018536546305,'2022-09-25 21:52:31','2022-09-25 21:52:31',1,99.00,'','13456789411','dafsda',NULL,'dada'),(1574034305049546754,'1574034305049546754',2,1574033807412060161,1574034018536546305,'2022-09-25 21:53:56','2022-09-25 21:53:57',1,99.00,'','13456789411','dafsda',NULL,'dada'),(1574938620849065985,'1574938620849065985',2,1570691211231027202,1573990412404678657,'2022-09-28 09:46:50','2022-09-28 09:46:51',1,128.00,'','13364421111','俄罗斯',NULL,'林小泉'),(1574945330795937793,'1574945330795937793',2,1570691211231027202,1573990412404678657,'2022-09-28 10:13:25','2022-09-28 10:13:25',1,30.00,'','13364421111','俄罗斯',NULL,'林小泉'),(1579016364696276994,'1579016364696276994',4,1570691211231027202,1573990412404678657,'2022-10-09 15:50:13','2022-10-09 15:50:13',1,30.00,'','13364421111','俄罗斯',NULL,'林小泉'),(1579076502505508865,'1579076502505508865',2,1570691211231027202,1573990412404678657,'2022-10-09 19:49:11','2022-10-09 19:49:11',1,30.00,'','13364421111','俄罗斯',NULL,'林小泉'),(1579076580519563266,'1579076580519563266',2,1570691211231027202,1573990412404678657,'2022-10-09 19:49:29','2022-10-09 19:49:29',1,146.00,'','13364421111','俄罗斯',NULL,'林小泉'),(1579083358359519233,'1579083358359519233',2,1570691211231027202,1573990412404678657,'2022-10-09 20:16:30','2022-10-09 20:16:31',1,78.00,'','13364421111','美国',NULL,'林小泉'),(1579103584841179137,'1579103584841179137',2,1579102100451856385,1579103494411984898,'2022-10-09 21:36:48','2022-10-09 21:36:48',1,99.00,'','13456789411','111','111','111'),(1579443927176478722,'1579443927176478722',2,1570691211231027202,1573990412404678657,'2022-10-10 20:09:12','2022-10-10 20:09:12',1,77.00,'','13364421111','美国',NULL,'林小泉'),(1579714070175571970,'1579714070175571970',2,1570691211231027202,1573990412404678657,'2022-10-11 14:02:39','2022-10-11 14:02:39',1,99.00,'','13364421111','美国',NULL,'林小泉'),(1579714109711081473,'1579714109711081473',2,1570691211231027202,1573990412404678657,'2022-10-11 14:02:48','2022-10-11 14:02:48',1,78.00,'','13364421111','美国',NULL,'林小泉');
/*!40000 ALTER TABLE `orders` ENABLE KEYS */;
UNLOCK TABLES;

--
-- Table structure for table `setmeal`
--

DROP TABLE IF EXISTS `setmeal`;
/*!40101 SET @saved_cs_client     = @@character_set_client */;
/*!50503 SET character_set_client = utf8mb4 */;
CREATE TABLE `setmeal` (
  `id` bigint NOT NULL COMMENT '主键',
  `category_id` bigint NOT NULL COMMENT '菜品分类id',
  `name` varchar(64) CHARACTER SET utf8 COLLATE utf8_bin NOT NULL COMMENT '套餐名称',
  `price` decimal(10,2) NOT NULL COMMENT '套餐价格',
  `status` int DEFAULT NULL COMMENT '状态 0:停用 1:启用',
  `code` varchar(32) CHARACTER SET utf8 COLLATE utf8_bin DEFAULT NULL COMMENT '编码',
  `description` varchar(512) CHARACTER SET utf8 COLLATE utf8_bin DEFAULT NULL COMMENT '描述信息',
  `image` varchar(255) CHARACTER SET utf8 COLLATE utf8_bin DEFAULT NULL COMMENT '图片',
  `create_time` datetime NOT NULL COMMENT '创建时间',
  `update_time` datetime NOT NULL COMMENT '更新时间',
  `create_user` bigint NOT NULL COMMENT '创建人',
  `update_user` bigint NOT NULL COMMENT '修改人',
  `is_deleted` int NOT NULL DEFAULT '0' COMMENT '是否删除',
  PRIMARY KEY (`id`) USING BTREE,
  UNIQUE KEY `idx_setmeal_name` (`name`)
) ENGINE=InnoDB DEFAULT CHARSET=utf8mb3 COLLATE=utf8_bin COMMENT='套餐';
/*!40101 SET character_set_client = @saved_cs_client */;

--
-- Dumping data for table `setmeal`
--

LOCK TABLES `setmeal` WRITE;
/*!40000 ALTER TABLE `setmeal` DISABLE KEYS */;
INSERT INTO `setmeal` VALUES (1570043634978430978,1570043061323472897,'疯狂星期六',1888.00,1,'','','25d15ad4-b2b9-41d2-80ba-7f14444b1a93.png','2022-09-14 21:35:47','2022-09-17 17:20:58',1,1,0),(1572817545130438657,1569135778586501121,'养生之道',3088.00,1,'','','6196d218-3a56-4505-86f9-14c756576ad1.png','2022-09-22 13:18:19','2022-09-22 13:18:19',1,1,0),(1572817966532161538,1413342269393674242,'商务N0.1',4999.00,1,'','','15842bb3-b7ef-48f1-95e3-8bf274e1e87a.png','2022-09-22 13:19:59','2022-10-10 20:36:05',1,1,0),(1572818129250185218,1413386191767674881,'儿童之光',1666.00,1,'','','bd866792-7729-4670-8704-ffc171616a71.png','2022-09-22 13:20:38','2022-09-25 21:17:04',1,1,0),(1579653581051555841,1573145591620415490,'虚拟1.0',17776.00,1,'','虚拟现实即将来临！！！','05a5f74d-13e9-4634-a859-9ce380d8da6a.png','2022-10-11 10:02:17','2022-10-11 10:02:17',1,1,0);
/*!40000 ALTER TABLE `setmeal` ENABLE KEYS */;
UNLOCK TABLES;

--
-- Table structure for table `setmeal_dish`
--

DROP TABLE IF EXISTS `setmeal_dish`;
/*!40101 SET @saved_cs_client     = @@character_set_client */;
/*!50503 SET character_set_client = utf8mb4 */;
CREATE TABLE `setmeal_dish` (
  `id` bigint NOT NULL COMMENT '主键',
  `setmeal_id` varchar(32) CHARACTER SET utf8 COLLATE utf8_bin NOT NULL COMMENT '套餐id ',
  `dish_id` varchar(32) CHARACTER SET utf8 COLLATE utf8_bin NOT NULL COMMENT '菜品id',
  `name` varchar(32) CHARACTER SET utf8 COLLATE utf8_bin DEFAULT NULL COMMENT '菜品名称 （冗余字段）',
  `price` decimal(10,2) DEFAULT NULL COMMENT '菜品原价（冗余字段）',
  `copies` int NOT NULL COMMENT '份数',
  `sort` int NOT NULL DEFAULT '0' COMMENT '排序',
  `create_time` datetime NOT NULL COMMENT '创建时间',
  `update_time` datetime NOT NULL COMMENT '更新时间',
  `create_user` bigint NOT NULL COMMENT '创建人',
  `update_user` bigint NOT NULL COMMENT '修改人',
  `is_deleted` int NOT NULL DEFAULT '0' COMMENT '是否删除',
  PRIMARY KEY (`id`) USING BTREE
) ENGINE=InnoDB DEFAULT CHARSET=utf8mb3 COLLATE=utf8_bin COMMENT='套餐菜品关系';
/*!40101 SET character_set_client = @saved_cs_client */;

--
-- Dumping data for table `setmeal_dish`
--

LOCK TABLES `setmeal_dish` WRITE;
/*!40000 ALTER TABLE `setmeal_dish` DISABLE KEYS */;
INSERT INTO `setmeal_dish` VALUES (1570043992781996034,'1570043634978430978','1569551215287685121','地三鲜',2990.00,1,0,'2022-09-14 21:37:13','2022-09-14 21:37:13',1,1,0),(1570043992781996035,'1570043634978430978','1413384757047271425','王老吉',500.00,1,0,'2022-09-14 21:37:13','2022-09-14 21:37:13',1,1,0),(1572817545155604481,'1572817545130438657','1397862198033297410','老火靓汤',49800.00,1,0,'2022-09-22 13:18:19','2022-09-22 13:18:19',1,1,0),(1572817545155604482,'1572817545130438657','1397862477831122945','上汤焗龙虾',108800.00,1,0,'2022-09-22 13:18:19','2022-09-22 13:18:19',1,1,0),(1572817545155604483,'1572817545130438657','1413385247889891330','米饭',200.00,1,0,'2022-09-22 13:18:19','2022-09-22 13:18:19',1,1,0),(1572817966532161539,'1572817966532161538','1397851099502260226','全家福',11800.00,1,0,'2022-09-22 13:19:59','2022-09-22 13:19:59',1,1,0),(1572818129250185219,'1572818129250185218','1397860792492666881','烤乳猪',38800.00,1,0,'2022-09-22 13:20:38','2022-09-22 13:20:38',1,1,0),(1572818129250185220,'1572818129250185218','1413384757047271425','王老吉',500.00,1,0,'2022-09-22 13:20:38','2022-09-22 13:20:38',1,1,0),(1579653581080915970,'1579653581051555841','1573160893368348673','虚拟轮回',9999.00,1,0,'2022-10-11 10:02:17','2022-10-11 10:02:17',1,1,0),(1579653581080915971,'1579653581051555841','1573160627818573825','虚拟之容',7777.00,1,0,'2022-10-11 10:02:17','2022-10-11 10:02:17',1,1,0);
/*!40000 ALTER TABLE `setmeal_dish` ENABLE KEYS */;
UNLOCK TABLES;

--
-- Table structure for table `shopping_cart`
--

DROP TABLE IF EXISTS `shopping_cart`;
/*!40101 SET @saved_cs_client     = @@character_set_client */;
/*!50503 SET character_set_client = utf8mb4 */;
CREATE TABLE `shopping_cart` (
  `id` bigint NOT NULL COMMENT '主键',
  `name` varchar(50) CHARACTER SET utf8 COLLATE utf8_bin DEFAULT NULL COMMENT '名称',
  `image` varchar(100) CHARACTER SET utf8 COLLATE utf8_bin DEFAULT NULL COMMENT '图片',
  `user_id` bigint NOT NULL COMMENT '主键',
  `dish_id` bigint DEFAULT NULL COMMENT '菜品id',
  `setmeal_id` bigint DEFAULT NULL COMMENT '套餐id',
  `dish_flavor` varchar(50) CHARACTER SET utf8 COLLATE utf8_bin DEFAULT NULL COMMENT '口味',
  `number` int NOT NULL DEFAULT '1' COMMENT '数量',
  `amount` decimal(10,2) NOT NULL COMMENT '金额',
  `create_time` datetime DEFAULT NULL COMMENT '创建时间',
  PRIMARY KEY (`id`) USING BTREE
) ENGINE=InnoDB DEFAULT CHARSET=utf8mb3 COLLATE=utf8_bin COMMENT='购物车';
/*!40101 SET character_set_client = @saved_cs_client */;

--
-- Dumping data for table `shopping_cart`
--

LOCK TABLES `shopping_cart` WRITE;
/*!40000 ALTER TABLE `shopping_cart` DISABLE KEYS */;
INSERT INTO `shopping_cart` VALUES (1579713766705094658,'地三鲜','0452e382-667e-44ff-90c2-92a8cdd027ab.png',1,1569551215287685121,NULL,'微辣',1,29.90,'2022-10-11 14:01:26');
/*!40000 ALTER TABLE `shopping_cart` ENABLE KEYS */;
UNLOCK TABLES;

--
-- Table structure for table `user`
--

DROP TABLE IF EXISTS `user`;
/*!40101 SET @saved_cs_client     = @@character_set_client */;
/*!50503 SET character_set_client = utf8mb4 */;
CREATE TABLE `user` (
  `id` bigint NOT NULL COMMENT '主键',
  `name` varchar(50) CHARACTER SET utf8 COLLATE utf8_bin DEFAULT NULL COMMENT '姓名',
  `phone` varchar(100) CHARACTER SET utf8 COLLATE utf8_bin NOT NULL COMMENT '手机号',
  `sex` varchar(2) CHARACTER SET utf8 COLLATE utf8_bin DEFAULT NULL COMMENT '性别',
  `id_number` varchar(18) CHARACTER SET utf8 COLLATE utf8_bin DEFAULT NULL COMMENT '身份证号',
  `avatar` varchar(500) CHARACTER SET utf8 COLLATE utf8_bin DEFAULT NULL COMMENT '头像',
  `status` int DEFAULT '0' COMMENT '状态 0:禁用，1:正常',
  PRIMARY KEY (`id`) USING BTREE
) ENGINE=InnoDB DEFAULT CHARSET=utf8mb3 COLLATE=utf8_bin COMMENT='用户信息';
/*!40101 SET character_set_client = @saved_cs_client */;

--
-- Dumping data for table `user`
--

LOCK TABLES `user` WRITE;
/*!40000 ALTER TABLE `user` DISABLE KEYS */;
INSERT INTO `user` VALUES (1570691211231027202,NULL,'13364422066',NULL,NULL,NULL,1),(1574033807412060161,NULL,'13699559281',NULL,NULL,NULL,1),(1579081864725983233,NULL,'19003063647',NULL,NULL,NULL,1),(1579102100451856385,'111','13456789411',NULL,NULL,NULL,1);
/*!40000 ALTER TABLE `user` ENABLE KEYS */;
UNLOCK TABLES;
/*!40103 SET TIME_ZONE=@OLD_TIME_ZONE */;

/*!40101 SET SQL_MODE=@OLD_SQL_MODE */;
/*!40014 SET FOREIGN_KEY_CHECKS=@OLD_FOREIGN_KEY_CHECKS */;
/*!40014 SET UNIQUE_CHECKS=@OLD_UNIQUE_CHECKS */;
/*!40101 SET CHARACTER_SET_CLIENT=@OLD_CHARACTER_SET_CLIENT */;
/*!40101 SET CHARACTER_SET_RESULTS=@OLD_CHARACTER_SET_RESULTS */;
/*!40101 SET COLLATION_CONNECTION=@OLD_COLLATION_CONNECTION */;
/*!40111 SET SQL_NOTES=@OLD_SQL_NOTES */;

-- Dump completed on 2022-10-12 11:21:31
